group,function,value,throughput_num,throughput_type,sample_measured_value,unit,iteration_count
longest_consecutive,AHASHSET,0,,,1283324.0,ns,5
longest_consecutive,AHASHSET,0,,,2548034.0,ns,10
longest_consecutive,AHASHSET,0,,,4053579.0,ns,15
longest_consecutive,AHASHSET,0,,,5434059.0,ns,20
longest_consecutive,AHASHSET,0,,,6352122.0,ns,25
longest_consecutive,AHASHSET,0,,,7910700.0,ns,30
longest_consecutive,AHASHSET,0,,,8869359.0,ns,35
longest_consecutive,AHASHSET,0,,,10357098.0,ns,40
longest_consecutive,AHASHSET,0,,,11536547.0,ns,45
longest_consecutive,AHASHSET,0,,,12896508.0,ns,50
longest_consecutive,AHASHSET,0,,,14153627.0,ns,55
longest_consecutive,AHASHSET,0,,,15264830.0,ns,60
longest_consecutive,AHASHSET,0,,,16226757.0,ns,65
longest_consecutive,AHASHSET,0,,,17414154.0,ns,70
longest_consecutive,AHASHSET,0,,,18973213.0,ns,75
longest_consecutive,AHASHSET,0,,,20164871.0,ns,80
longest_consecutive,AHASHSET,0,,,21719145.0,ns,85
longest_consecutive,AHASHSET,0,,,22557404.0,ns,90
longest_consecutive,AHASHSET,0,,,23917881.0,ns,95
longest_consecutive,AHASHSET,0,,,23999558.0,ns,100
longest_consecutive,AHASHSET,0,,,24438743.0,ns,105
longest_consecutive,AHASHSET,0,,,26104857.0,ns,110
longest_consecutive,AHASHSET,0,,,29446246.0,ns,115
longest_consecutive,AHASHSET,0,,,32859522.0,ns,120
longest_consecutive,AHASHSET,0,,,34575033.0,ns,125
longest_consecutive,AHASHSET,0,,,34275472.0,ns,130
longest_consecutive,AHASHSET,0,,,37412243.0,ns,135
longest_consecutive,AHASHSET,0,,,35608194.0,ns,140
longest_consecutive,AHASHSET,0,,,35272441.0,ns,145
longest_consecutive,AHASHSET,0,,,35060923.0,ns,150
longest_consecutive,AHASHSET,0,,,36309918.0,ns,155
longest_consecutive,AHASHSET,0,,,35813643.0,ns,160
longest_consecutive,AHASHSET,0,,,39777570.0,ns,165
longest_consecutive,AHASHSET,0,,,43215082.0,ns,170
longest_consecutive,AHASHSET,0,,,43517589.0,ns,175
longest_consecutive,AHASHSET,0,,,40363841.0,ns,180
longest_consecutive,AHASHSET,0,,,41172011.0,ns,185
longest_consecutive,AHASHSET,0,,,42035695.0,ns,190
longest_consecutive,AHASHSET,0,,,43416698.0,ns,195
longest_consecutive,AHASHSET,0,,,44130594.0,ns,200
longest_consecutive,AHASHSET,0,,,45958330.0,ns,205
longest_consecutive,AHASHSET,0,,,47505368.0,ns,210
longest_consecutive,AHASHSET,0,,,48077195.0,ns,215
longest_consecutive,AHASHSET,0,,,48706455.0,ns,220
longest_consecutive,AHASHSET,0,,,49876069.0,ns,225
longest_consecutive,AHASHSET,0,,,49746614.0,ns,230
longest_consecutive,AHASHSET,0,,,51518020.0,ns,235
longest_consecutive,AHASHSET,0,,,51318705.0,ns,240
longest_consecutive,AHASHSET,0,,,51457633.0,ns,245
longest_consecutive,AHASHSET,0,,,53303324.0,ns,250
longest_consecutive,AHASHSET,0,,,53692854.0,ns,255
longest_consecutive,AHASHSET,0,,,54405548.0,ns,260
longest_consecutive,AHASHSET,0,,,56435778.0,ns,265
longest_consecutive,AHASHSET,0,,,57077929.0,ns,270
longest_consecutive,AHASHSET,0,,,57639570.0,ns,275
longest_consecutive,AHASHSET,0,,,59479856.0,ns,280
longest_consecutive,AHASHSET,0,,,59847993.0,ns,285
longest_consecutive,AHASHSET,0,,,60578363.0,ns,290
longest_consecutive,AHASHSET,0,,,62576320.0,ns,295
longest_consecutive,AHASHSET,0,,,63617758.0,ns,300
longest_consecutive,AHASHSET,0,,,68271339.0,ns,305
longest_consecutive,AHASHSET,0,,,66270014.0,ns,310
longest_consecutive,AHASHSET,0,,,66024573.0,ns,315
longest_consecutive,AHASHSET,0,,,66316600.0,ns,320
longest_consecutive,AHASHSET,0,,,75847949.0,ns,325
longest_consecutive,AHASHSET,0,,,71769173.0,ns,330
longest_consecutive,AHASHSET,0,,,71672293.0,ns,335
longest_consecutive,AHASHSET,0,,,75525564.0,ns,340
longest_consecutive,AHASHSET,0,,,75435102.0,ns,345
longest_consecutive,AHASHSET,0,,,76489084.0,ns,350
longest_consecutive,AHASHSET,0,,,77318167.0,ns,355
longest_consecutive,AHASHSET,0,,,78506063.0,ns,360
longest_consecutive,AHASHSET,0,,,82027081.0,ns,365
longest_consecutive,AHASHSET,0,,,80957120.0,ns,370
longest_consecutive,AHASHSET,0,,,85868541.0,ns,375
longest_consecutive,AHASHSET,0,,,109327233.0,ns,380
longest_consecutive,AHASHSET,0,,,84725873.0,ns,385
longest_consecutive,AHASHSET,0,,,84411312.0,ns,390
longest_consecutive,AHASHSET,0,,,84701493.0,ns,395
longest_consecutive,AHASHSET,0,,,86997223.0,ns,400
longest_consecutive,AHASHSET,0,,,104053174.0,ns,405
longest_consecutive,AHASHSET,0,,,92906909.0,ns,410
longest_consecutive,AHASHSET,0,,,92608567.0,ns,415
longest_consecutive,AHASHSET,0,,,91862493.0,ns,420
longest_consecutive,AHASHSET,0,,,90895129.0,ns,425
longest_consecutive,AHASHSET,0,,,92085391.0,ns,430
longest_consecutive,AHASHSET,0,,,91218773.0,ns,435
longest_consecutive,AHASHSET,0,,,96029066.0,ns,440
longest_consecutive,AHASHSET,0,,,100477604.0,ns,445
longest_consecutive,AHASHSET,0,,,98395880.0,ns,450
longest_consecutive,AHASHSET,0,,,100394428.0,ns,455
longest_consecutive,AHASHSET,0,,,103112862.0,ns,460
longest_consecutive,AHASHSET,0,,,102976954.0,ns,465
longest_consecutive,AHASHSET,0,,,103610913.0,ns,470
longest_consecutive,AHASHSET,0,,,105652302.0,ns,475
longest_consecutive,AHASHSET,0,,,103391647.0,ns,480
longest_consecutive,AHASHSET,0,,,101879075.0,ns,485
longest_consecutive,AHASHSET,0,,,105528152.0,ns,490
longest_consecutive,AHASHSET,0,,,105722379.0,ns,495
longest_consecutive,AHASHSET,0,,,105759615.0,ns,500
